,experiment,cloud,env,env_type,nodes,application,problem_size,metric,value,gpu_count
0,aws/eks/cpu,aws,eks,cpu,1,hpcg,znver4-Og,compatible,True,0
1,aws/eks/cpu,aws,eks,cpu,1,hpcg,znver4-Og,fom,36.3587,0
2,aws/eks/cpu,aws,eks,cpu,1,hpcg,znver4-Og,duration,23.27805209159851,0
3,aws/eks/cpu,aws,eks,cpu,1,hpcg,znver4-Og,fom,35.8625,0
4,aws/eks/cpu,aws,eks,cpu,1,hpcg,znver4-Og,duration,23.87242293357849,0
5,aws/eks/cpu,aws,eks,cpu,1,hpcg,znver4-Og,fom,35.9592,0
6,aws/eks/cpu,aws,eks,cpu,1,hpcg,znver4-Og,duration,18.161514282226562,0
7,aws/eks/cpu,aws,eks,cpu,1,hpcg,haswell-O0,compatible,True,0
8,aws/eks/cpu,aws,eks,cpu,1,hpcg,haswell-O0,fom,30.4119,0
9,aws/eks/cpu,aws,eks,cpu,1,hpcg,haswell-O0,duration,26.02209210395813,0
10,aws/eks/cpu,aws,eks,cpu,1,hpcg,haswell-O0,fom,32.3483,0
11,aws/eks/cpu,aws,eks,cpu,1,hpcg,haswell-O0,duration,23.827905893325806,0
12,aws/eks/cpu,aws,eks,cpu,1,hpcg,haswell-O0,fom,25.0889,0
13,aws/eks/cpu,aws,eks,cpu,1,hpcg,haswell-O0,duration,23.992971181869507,0
14,aws/eks/cpu,aws,eks,cpu,1,hpcg,znver1-O0,compatible,True,0
15,aws/eks/cpu,aws,eks,cpu,1,hpcg,znver1-O0,fom,31.2127,0
16,aws/eks/cpu,aws,eks,cpu,1,hpcg,znver1-O0,duration,23.9158992767334,0
17,aws/eks/cpu,aws,eks,cpu,1,hpcg,znver1-O0,fom,30.7173,0
18,aws/eks/cpu,aws,eks,cpu,1,hpcg,znver1-O0,duration,21.206228733062744,0
19,aws/eks/cpu,aws,eks,cpu,1,hpcg,znver1-O0,fom,30.4946,0
20,aws/eks/cpu,aws,eks,cpu,1,hpcg,znver1-O0,duration,22.519580602645874,0
21,aws/eks/cpu,aws,eks,cpu,1,hpcg,bdver4-Ofast,compatible,False,0
22,aws/eks/cpu,aws,eks,cpu,1,hpcg,skylake-O1,compatible,True,0
23,aws/eks/cpu,aws,eks,cpu,1,hpcg,skylake-O1,fom,36.5742,0
24,aws/eks/cpu,aws,eks,cpu,1,hpcg,skylake-O1,duration,22.88239884376526,0
25,aws/eks/cpu,aws,eks,cpu,1,hpcg,skylake-O1,fom,35.834,0
26,aws/eks/cpu,aws,eks,cpu,1,hpcg,skylake-O1,duration,24.033121824264526,0
27,aws/eks/cpu,aws,eks,cpu,1,hpcg,skylake-O1,fom,37.2591,0
28,aws/eks/cpu,aws,eks,cpu,1,hpcg,skylake-O1,duration,18.162994623184204,0
29,aws/eks/cpu,aws,eks,cpu,1,hpcg,ivybridge-Os,compatible,True,0
30,aws/eks/cpu,aws,eks,cpu,1,hpcg,ivybridge-Os,fom,34.6474,0
31,aws/eks/cpu,aws,eks,cpu,1,hpcg,ivybridge-Os,duration,21.283528566360474,0
32,aws/eks/cpu,aws,eks,cpu,1,hpcg,ivybridge-Os,fom,35.803,0
33,aws/eks/cpu,aws,eks,cpu,1,hpcg,ivybridge-Os,duration,24.571901321411133,0
34,aws/eks/cpu,aws,eks,cpu,1,hpcg,ivybridge-Os,fom,36.6745,0
35,aws/eks/cpu,aws,eks,cpu,1,hpcg,ivybridge-Os,duration,24.594388723373413,0
36,aws/eks/cpu,aws,eks,cpu,1,hpcg,sapphirerapids-Ofast,compatible,False,0
37,aws/eks/cpu,aws,eks,cpu,1,hpcg,haswell-Ofast,compatible,True,0
38,aws/eks/cpu,aws,eks,cpu,1,hpcg,haswell-Ofast,fom,36.0743,0
39,aws/eks/cpu,aws,eks,cpu,1,hpcg,haswell-Ofast,duration,22.955002069473267,0
40,aws/eks/cpu,aws,eks,cpu,1,hpcg,haswell-Ofast,fom,37.0979,0
41,aws/eks/cpu,aws,eks,cpu,1,hpcg,haswell-Ofast,duration,21.016666173934937,0
42,aws/eks/cpu,aws,eks,cpu,1,hpcg,haswell-Ofast,fom,35.0139,0
43,aws/eks/cpu,aws,eks,cpu,1,hpcg,haswell-Ofast,duration,24.360859870910645,0
44,aws/eks/cpu,aws,eks,cpu,1,hpcg,x86-64-v4-O3,compatible,False,0
45,aws/eks/cpu,aws,eks,cpu,1,hpcg,znver2-O3,compatible,True,0
46,aws/eks/cpu,aws,eks,cpu,1,hpcg,znver2-O3,fom,37.6009,0
47,aws/eks/cpu,aws,eks,cpu,1,hpcg,znver2-O3,duration,21.877033233642578,0
48,aws/eks/cpu,aws,eks,cpu,1,hpcg,znver2-O3,fom,30.7328,0
49,aws/eks/cpu,aws,eks,cpu,1,hpcg,znver2-O3,duration,26.99097752571106,0
50,aws/eks/cpu,aws,eks,cpu,1,hpcg,znver2-O3,fom,33.4613,0
51,aws/eks/cpu,aws,eks,cpu,1,hpcg,znver2-O3,duration,22.266874313354492,0
52,aws/eks/cpu,aws,eks,cpu,1,hpcg,skylake-avx512-Ofast,compatible,False,0
53,aws/eks/cpu,aws,eks,cpu,1,hpcg,bdver4-Os,compatible,False,0
54,aws/eks/cpu,aws,eks,cpu,1,hpcg,skylake-avx512-O3,compatible,False,0
55,aws/eks/cpu,aws,eks,cpu,1,hpcg,x86-64-v3-Os,compatible,True,0
56,aws/eks/cpu,aws,eks,cpu,1,hpcg,x86-64-v3-Os,fom,34.545,0
57,aws/eks/cpu,aws,eks,cpu,1,hpcg,x86-64-v3-Os,duration,24.03028416633606,0
58,aws/eks/cpu,aws,eks,cpu,1,hpcg,x86-64-v3-Os,fom,36.4453,0
59,aws/eks/cpu,aws,eks,cpu,1,hpcg,x86-64-v3-Os,duration,24.65241813659668,0
60,aws/eks/cpu,aws,eks,cpu,1,hpcg,x86-64-v3-Os,fom,36.0063,0
61,aws/eks/cpu,aws,eks,cpu,1,hpcg,x86-64-v3-Os,duration,24.795501232147217,0
62,aws/eks/cpu,aws,eks,cpu,1,hpcg,icelake-server-Og,compatible,False,0
63,aws/eks/cpu,aws,eks,cpu,1,hpcg,znver3-O1,compatible,True,0
64,aws/eks/cpu,aws,eks,cpu,1,hpcg,znver3-O1,fom,35.8899,0
65,aws/eks/cpu,aws,eks,cpu,1,hpcg,znver3-O1,duration,18.645568370819092,0
66,aws/eks/cpu,aws,eks,cpu,1,hpcg,znver3-O1,fom,35.2811,0
67,aws/eks/cpu,aws,eks,cpu,1,hpcg,znver3-O1,duration,22.689552783966064,0
68,aws/eks/cpu,aws,eks,cpu,1,hpcg,znver3-O1,fom,35.7278,0
69,aws/eks/cpu,aws,eks,cpu,1,hpcg,znver3-O1,duration,24.50837206840515,0
70,aws/eks/cpu,aws,eks,cpu,1,hpcg,haswell-O2,compatible,True,0
71,aws/eks/cpu,aws,eks,cpu,1,hpcg,haswell-O2,fom,35.8098,0
72,aws/eks/cpu,aws,eks,cpu,1,hpcg,haswell-O2,duration,26.971900463104248,0
73,aws/eks/cpu,aws,eks,cpu,1,hpcg,haswell-O2,fom,36.0109,0
74,aws/eks/cpu,aws,eks,cpu,1,hpcg,haswell-O2,duration,22.268304586410522,0
75,aws/eks/cpu,aws,eks,cpu,1,hpcg,haswell-O2,fom,28.1089,0
76,aws/eks/cpu,aws,eks,cpu,1,hpcg,haswell-O2,duration,23.852818250656128,0
77,aws/eks/cpu,aws,eks,cpu,1,hpcg,x86-64-v4-Ofast,compatible,False,0
78,aws/eks/cpu,aws,eks,cpu,1,hpcg,haswell-Os,compatible,True,0
79,aws/eks/cpu,aws,eks,cpu,1,hpcg,haswell-Os,fom,35.0618,0
80,aws/eks/cpu,aws,eks,cpu,1,hpcg,haswell-Os,duration,22.918136596679688,0
81,aws/eks/cpu,aws,eks,cpu,1,hpcg,haswell-Os,fom,37.059,0
82,aws/eks/cpu,aws,eks,cpu,1,hpcg,haswell-Os,duration,22.52962589263916,0
83,aws/eks/cpu,aws,eks,cpu,1,hpcg,haswell-Os,fom,34.9136,0
84,aws/eks/cpu,aws,eks,cpu,1,hpcg,haswell-Os,duration,23.015583038330078,0
85,aws/eks/cpu,aws,eks,cpu,1,hpcg,x86-64-v3-O3,compatible,True,0
86,aws/eks/cpu,aws,eks,cpu,1,hpcg,x86-64-v3-O3,fom,37.2722,0
87,aws/eks/cpu,aws,eks,cpu,1,hpcg,x86-64-v3-O3,duration,22.688092470169067,0
88,aws/eks/cpu,aws,eks,cpu,1,hpcg,x86-64-v3-O3,fom,34.2339,0
89,aws/eks/cpu,aws,eks,cpu,1,hpcg,x86-64-v3-O3,duration,23.066875219345093,0
90,aws/eks/cpu,aws,eks,cpu,1,hpcg,x86-64-v3-O3,fom,35.0421,0
91,aws/eks/cpu,aws,eks,cpu,1,hpcg,x86-64-v3-O3,duration,21.135401248931885,0
92,aws/eks/cpu,aws,eks,cpu,1,hpcg,znver1-Os,compatible,True,0
93,aws/eks/cpu,aws,eks,cpu,1,hpcg,znver1-Os,fom,37.702,0
94,aws/eks/cpu,aws,eks,cpu,1,hpcg,znver1-Os,duration,23.21916937828064,0
95,aws/eks/cpu,aws,eks,cpu,1,hpcg,znver1-Os,fom,35.9469,0
96,aws/eks/cpu,aws,eks,cpu,1,hpcg,znver1-Os,duration,22.378963470458984,0
97,aws/eks/cpu,aws,eks,cpu,1,hpcg,znver1-Os,fom,35.1663,0
98,aws/eks/cpu,aws,eks,cpu,1,hpcg,znver1-Os,duration,22.375417709350586,0
99,aws/eks/cpu,aws,eks,cpu,1,hpcg,sandybridge-O1,compatible,True,0
100,aws/eks/cpu,aws,eks,cpu,1,hpcg,sandybridge-O1,fom,36.8229,0
101,aws/eks/cpu,aws,eks,cpu,1,hpcg,sandybridge-O1,duration,24.049248456954956,0
102,aws/eks/cpu,aws,eks,cpu,1,hpcg,sandybridge-O1,fom,34.7816,0
103,aws/eks/cpu,aws,eks,cpu,1,hpcg,sandybridge-O1,duration,18.944554090499878,0
104,aws/eks/cpu,aws,eks,cpu,1,hpcg,sandybridge-O1,fom,35.7815,0
105,aws/eks/cpu,aws,eks,cpu,1,hpcg,sandybridge-O1,duration,19.507060289382935,0
106,aws/eks/cpu,aws,eks,cpu,1,hpcg,x86-64-v2-O0,compatible,True,0
107,aws/eks/cpu,aws,eks,cpu,1,hpcg,x86-64-v2-O0,fom,30.417,0
108,aws/eks/cpu,aws,eks,cpu,1,hpcg,x86-64-v2-O0,duration,24.507787704467773,0
109,aws/eks/cpu,aws,eks,cpu,1,hpcg,x86-64-v2-O0,fom,29.2194,0
110,aws/eks/cpu,aws,eks,cpu,1,hpcg,x86-64-v2-O0,duration,24.605613231658936,0
111,aws/eks/cpu,aws,eks,cpu,1,hpcg,x86-64-v2-O0,fom,30.2132,0
112,aws/eks/cpu,aws,eks,cpu,1,hpcg,x86-64-v2-O0,duration,24.21220564842224,0
113,aws/eks/cpu,aws,eks,cpu,1,hpcg,skylake-Og,compatible,True,0
114,aws/eks/cpu,aws,eks,cpu,1,hpcg,skylake-Og,fom,36.0736,0
115,aws/eks/cpu,aws,eks,cpu,1,hpcg,skylake-Og,duration,26.962192058563232,0
116,aws/eks/cpu,aws,eks,cpu,1,hpcg,skylake-Og,fom,35.8295,0
117,aws/eks/cpu,aws,eks,cpu,1,hpcg,skylake-Og,duration,24.08315873146057,0
118,aws/eks/cpu,aws,eks,cpu,1,hpcg,skylake-Og,fom,28.4489,0
119,aws/eks/cpu,aws,eks,cpu,1,hpcg,skylake-Og,duration,23.726070642471313,0
120,aws/eks/cpu,aws,eks,cpu,1,hpcg,ivybridge-O3,compatible,True,0
121,aws/eks/cpu,aws,eks,cpu,1,hpcg,ivybridge-O3,fom,35.5417,0
122,aws/eks/cpu,aws,eks,cpu,1,hpcg,ivybridge-O3,duration,18.076053142547607,0
123,aws/eks/cpu,aws,eks,cpu,1,hpcg,ivybridge-O3,fom,34.8459,0
124,aws/eks/cpu,aws,eks,cpu,1,hpcg,ivybridge-O3,duration,24.382155895233154,0
125,aws/eks/cpu,aws,eks,cpu,1,hpcg,ivybridge-O3,fom,36.2142,0
126,aws/eks/cpu,aws,eks,cpu,1,hpcg,ivybridge-O3,duration,24.06925392150879,0
127,aws/eks/cpu,aws,eks,cpu,1,hpcg,broadwell-Ofast,compatible,True,0
128,aws/eks/cpu,aws,eks,cpu,1,hpcg,broadwell-Ofast,fom,37.2917,0
129,aws/eks/cpu,aws,eks,cpu,1,hpcg,broadwell-Ofast,duration,23.38055968284607,0
130,aws/eks/cpu,aws,eks,cpu,1,hpcg,broadwell-Ofast,fom,36.1978,0
131,aws/eks/cpu,aws,eks,cpu,1,hpcg,broadwell-Ofast,duration,23.684924602508545,0
132,aws/eks/cpu,aws,eks,cpu,1,hpcg,broadwell-Ofast,fom,34.7523,0
133,aws/eks/cpu,aws,eks,cpu,1,hpcg,broadwell-Ofast,duration,22.47896647453308,0
134,aws/eks/cpu,aws,eks,cpu,1,hpcg,native-O2,compatible,False,0
135,aws/eks/cpu,aws,eks,cpu,1,hpcg,znver4-O2,compatible,True,0
136,aws/eks/cpu,aws,eks,cpu,1,hpcg,znver4-O2,fom,35.7021,0
137,aws/eks/cpu,aws,eks,cpu,1,hpcg,znver4-O2,duration,22.441270351409912,0
138,aws/eks/cpu,aws,eks,cpu,1,hpcg,znver4-O2,fom,34.7963,0
139,aws/eks/cpu,aws,eks,cpu,1,hpcg,znver4-O2,duration,24.663217782974243,0
140,aws/eks/cpu,aws,eks,cpu,1,hpcg,znver4-O2,fom,37.3556,0
141,aws/eks/cpu,aws,eks,cpu,1,hpcg,znver4-O2,duration,18.284677267074585,0
142,aws/eks/cpu,aws,eks,cpu,1,hpcg,znver3-Os,compatible,True,0
143,aws/eks/cpu,aws,eks,cpu,1,hpcg,znver3-Os,fom,35.4674,0
144,aws/eks/cpu,aws,eks,cpu,1,hpcg,znver3-Os,duration,23.729615449905396,0
145,aws/eks/cpu,aws,eks,cpu,1,hpcg,znver3-Os,fom,36.02,0
146,aws/eks/cpu,aws,eks,cpu,1,hpcg,znver3-Os,duration,24.632282495498657,0
147,aws/eks/cpu,aws,eks,cpu,1,hpcg,znver3-Os,fom,34.1034,0
148,aws/eks/cpu,aws,eks,cpu,1,hpcg,znver3-Os,duration,22.611340522766113,0
149,aws/eks/cpu,aws,eks,cpu,1,hpcg,znver1-O1,compatible,True,0
150,aws/eks/cpu,aws,eks,cpu,1,hpcg,znver1-O1,fom,36.6351,0
151,aws/eks/cpu,aws,eks,cpu,1,hpcg,znver1-O1,duration,26.679365873336792,0
152,aws/eks/cpu,aws,eks,cpu,1,hpcg,znver1-O1,fom,35.1369,0
153,aws/eks/cpu,aws,eks,cpu,1,hpcg,znver1-O1,duration,19.99075222015381,0
154,aws/eks/cpu,aws,eks,cpu,1,hpcg,znver1-O1,fom,31.6534,0
155,aws/eks/cpu,aws,eks,cpu,1,hpcg,znver1-O1,duration,18.30698275566101,0
156,aws/eks/cpu,aws,eks,cpu,1,hpcg,sandybridge-Os,compatible,True,0
157,aws/eks/cpu,aws,eks,cpu,1,hpcg,sandybridge-Os,fom,36.4657,0
158,aws/eks/cpu,aws,eks,cpu,1,hpcg,sandybridge-Os,duration,20.016417503356934,0
159,aws/eks/cpu,aws,eks,cpu,1,hpcg,sandybridge-Os,fom,36.6553,0
160,aws/eks/cpu,aws,eks,cpu,1,hpcg,sandybridge-Os,duration,21.273276567459106,0
161,aws/eks/cpu,aws,eks,cpu,1,hpcg,sandybridge-Os,fom,36.1417,0
162,aws/eks/cpu,aws,eks,cpu,1,hpcg,sandybridge-Os,duration,19.815199851989746,0
163,aws/eks/cpu,aws,eks,cpu,1,hpcg,btver2-Os,compatible,True,0
164,aws/eks/cpu,aws,eks,cpu,1,hpcg,btver2-Os,fom,35.8824,0
165,aws/eks/cpu,aws,eks,cpu,1,hpcg,btver2-Os,duration,26.92996835708618,0
166,aws/eks/cpu,aws,eks,cpu,1,hpcg,btver2-Os,fom,35.8825,0
167,aws/eks/cpu,aws,eks,cpu,1,hpcg,btver2-Os,duration,24.096576690673828,0
168,aws/eks/cpu,aws,eks,cpu,1,hpcg,btver2-Os,fom,28.3471,0
169,aws/eks/cpu,aws,eks,cpu,1,hpcg,btver2-Os,duration,23.987377405166626,0
170,aws/eks/cpu,aws,eks,cpu,1,hpcg,bdver4-O3,compatible,False,0
171,aws/eks/cpu,aws,eks,cpu,1,hpcg,znver2-Os,compatible,True,0
172,aws/eks/cpu,aws,eks,cpu,1,hpcg,znver2-Os,fom,37.2728,0
173,aws/eks/cpu,aws,eks,cpu,1,hpcg,znver2-Os,duration,28.674729585647583,0
174,aws/eks/cpu,aws,eks,cpu,1,hpcg,znver2-Os,fom,35.2471,0
175,aws/eks/cpu,aws,eks,cpu,1,hpcg,znver2-Os,duration,24.262623071670532,0
176,aws/eks/cpu,aws,eks,cpu,1,hpcg,znver2-Os,fom,26.0866,0
177,aws/eks/cpu,aws,eks,cpu,1,hpcg,znver2-Os,duration,21.08150601387024,0
178,aws/eks/cpu,aws,eks,cpu,1,hpcg,znver3-Ofast,compatible,True,0
179,aws/eks/cpu,aws,eks,cpu,1,hpcg,znver3-Ofast,fom,37.7066,0
180,aws/eks/cpu,aws,eks,cpu,1,hpcg,znver3-Ofast,duration,23.11100697517395,0
181,aws/eks/cpu,aws,eks,cpu,1,hpcg,znver3-Ofast,fom,36.2639,0
182,aws/eks/cpu,aws,eks,cpu,1,hpcg,znver3-Ofast,duration,23.667952060699463,0
183,aws/eks/cpu,aws,eks,cpu,1,hpcg,znver3-Ofast,fom,34.9757,0
184,aws/eks/cpu,aws,eks,cpu,1,hpcg,znver3-Ofast,duration,22.362438678741455,0
185,aws/eks/cpu,aws,eks,cpu,1,hpcg,broadwell-Os,compatible,True,0
186,aws/eks/cpu,aws,eks,cpu,1,hpcg,broadwell-Os,fom,36.0287,0
187,aws/eks/cpu,aws,eks,cpu,1,hpcg,broadwell-Os,duration,23.95031476020813,0
188,aws/eks/cpu,aws,eks,cpu,1,hpcg,broadwell-Os,fom,35.8723,0
189,aws/eks/cpu,aws,eks,cpu,1,hpcg,broadwell-Os,duration,23.879568338394165,0
190,aws/eks/cpu,aws,eks,cpu,1,hpcg,broadwell-Os,fom,35.9001,0
191,aws/eks/cpu,aws,eks,cpu,1,hpcg,broadwell-Os,duration,22.499863147735596,0
192,aws/eks/cpu,aws,eks,cpu,1,hpcg,znver3-O3,compatible,True,0
193,aws/eks/cpu,aws,eks,cpu,1,hpcg,znver3-O3,fom,36.0561,0
194,aws/eks/cpu,aws,eks,cpu,1,hpcg,znver3-O3,duration,20.371270656585693,0
195,aws/eks/cpu,aws,eks,cpu,1,hpcg,znver3-O3,fom,36.2701,0
196,aws/eks/cpu,aws,eks,cpu,1,hpcg,znver3-O3,duration,23.667216300964355,0
197,aws/eks/cpu,aws,eks,cpu,1,hpcg,znver3-O3,fom,33.8492,0
198,aws/eks/cpu,aws,eks,cpu,1,hpcg,znver3-O3,duration,24.21197199821472,0
199,aws/eks/cpu,aws,eks,cpu,1,hpcg,haswell-O3,compatible,True,0
200,aws/eks/cpu,aws,eks,cpu,1,hpcg,haswell-O3,fom,35.5744,0
201,aws/eks/cpu,aws,eks,cpu,1,hpcg,haswell-O3,duration,21.517006397247314,0
202,aws/eks/cpu,aws,eks,cpu,1,hpcg,haswell-O3,fom,35.5943,0
203,aws/eks/cpu,aws,eks,cpu,1,hpcg,haswell-O3,duration,24.724971294403076,0
204,aws/eks/cpu,aws,eks,cpu,1,hpcg,haswell-O3,fom,25.214,0
205,aws/eks/cpu,aws,eks,cpu,1,hpcg,haswell-O3,duration,24.087565422058105,0
206,aws/eks/cpu,aws,eks,cpu,1,hpcg,znver3-O0,compatible,True,0
207,aws/eks/cpu,aws,eks,cpu,1,hpcg,znver3-O0,fom,29.3227,0
208,aws/eks/cpu,aws,eks,cpu,1,hpcg,znver3-O0,duration,24.382267236709595,0
209,aws/eks/cpu,aws,eks,cpu,1,hpcg,znver3-O0,fom,29.7676,0
210,aws/eks/cpu,aws,eks,cpu,1,hpcg,znver3-O0,duration,24.927773475646973,0
211,aws/eks/cpu,aws,eks,cpu,1,hpcg,znver3-O0,fom,29.6535,0
212,aws/eks/cpu,aws,eks,cpu,1,hpcg,znver3-O0,duration,24.677902460098267,0
213,aws/eks/cpu,aws,eks,cpu,1,hpcg,sapphirerapids-O0,compatible,True,0
214,aws/eks/cpu,aws,eks,cpu,1,hpcg,sapphirerapids-O0,fom,29.8608,0
215,aws/eks/cpu,aws,eks,cpu,1,hpcg,sapphirerapids-O0,duration,30.620988130569458,0
216,aws/eks/cpu,aws,eks,cpu,1,hpcg,sapphirerapids-O0,fom,30.7351,0
217,aws/eks/cpu,aws,eks,cpu,1,hpcg,sapphirerapids-O0,duration,24.148414373397827,0
218,aws/eks/cpu,aws,eks,cpu,1,hpcg,sapphirerapids-O0,fom,23.9883,0
219,aws/eks/cpu,aws,eks,cpu,1,hpcg,sapphirerapids-O0,duration,24.378921031951904,0
220,aws/eks/cpu,aws,eks,cpu,1,hpcg,haswell-Og,compatible,True,0
221,aws/eks/cpu,aws,eks,cpu,1,hpcg,haswell-Og,fom,36.1887,0
222,aws/eks/cpu,aws,eks,cpu,1,hpcg,haswell-Og,duration,20.124191761016846,0
223,aws/eks/cpu,aws,eks,cpu,1,hpcg,haswell-Og,fom,37.3295,0
224,aws/eks/cpu,aws,eks,cpu,1,hpcg,haswell-Og,duration,24.08114218711853,0
225,aws/eks/cpu,aws,eks,cpu,1,hpcg,haswell-Og,fom,35.7041,0
226,aws/eks/cpu,aws,eks,cpu,1,hpcg,haswell-Og,duration,23.720496654510498,0
227,aws/eks/cpu,aws,eks,cpu,1,hpcg,znver1-Og,compatible,True,0
228,aws/eks/cpu,aws,eks,cpu,1,hpcg,znver1-Og,fom,35.897,0
229,aws/eks/cpu,aws,eks,cpu,1,hpcg,znver1-Og,duration,23.238611221313477,0
230,aws/eks/cpu,aws,eks,cpu,1,hpcg,znver1-Og,fom,35.4863,0
231,aws/eks/cpu,aws,eks,cpu,1,hpcg,znver1-Og,duration,24.117820501327515,0
232,aws/eks/cpu,aws,eks,cpu,1,hpcg,znver1-Og,fom,34.5621,0
233,aws/eks/cpu,aws,eks,cpu,1,hpcg,znver1-Og,duration,24.67912197113037,0
234,aws/eks/cpu,aws,eks,cpu,1,hpcg,ivybridge-Ofast,compatible,True,0
235,aws/eks/cpu,aws,eks,cpu,1,hpcg,ivybridge-Ofast,fom,34.2721,0
236,aws/eks/cpu,aws,eks,cpu,1,hpcg,ivybridge-Ofast,duration,22.559954404830933,0
237,aws/eks/cpu,aws,eks,cpu,1,hpcg,ivybridge-Ofast,fom,36.0901,0
238,aws/eks/cpu,aws,eks,cpu,1,hpcg,ivybridge-Ofast,duration,18.1933331489563,0
239,aws/eks/cpu,aws,eks,cpu,1,hpcg,ivybridge-Ofast,fom,35.6582,0
240,aws/eks/cpu,aws,eks,cpu,1,hpcg,ivybridge-Ofast,duration,23.1520516872406,0
241,aws/eks/cpu,aws,eks,cpu,1,hpcg,znver1-Ofast,compatible,True,0
242,aws/eks/cpu,aws,eks,cpu,1,hpcg,znver1-Ofast,fom,35.9307,0
243,aws/eks/cpu,aws,eks,cpu,1,hpcg,znver1-Ofast,duration,20.07887840270996,0
244,aws/eks/cpu,aws,eks,cpu,1,hpcg,znver1-Ofast,fom,37.2336,0
245,aws/eks/cpu,aws,eks,cpu,1,hpcg,znver1-Ofast,duration,22.687074661254883,0
246,aws/eks/cpu,aws,eks,cpu,1,hpcg,znver1-Ofast,fom,35.9726,0
247,aws/eks/cpu,aws,eks,cpu,1,hpcg,znver1-Ofast,duration,23.774147033691406,0
248,aws/eks/cpu,aws,eks,cpu,1,hpcg,btver2-Ofast,compatible,True,0
249,aws/eks/cpu,aws,eks,cpu,1,hpcg,btver2-Ofast,fom,35.2495,0
250,aws/eks/cpu,aws,eks,cpu,1,hpcg,btver2-Ofast,duration,27.74143886566162,0
251,aws/eks/cpu,aws,eks,cpu,1,hpcg,btver2-Ofast,fom,36.0189,0
252,aws/eks/cpu,aws,eks,cpu,1,hpcg,btver2-Ofast,duration,23.891370058059692,0
253,aws/eks/cpu,aws,eks,cpu,1,hpcg,btver2-Ofast,fom,27.4128,0
254,aws/eks/cpu,aws,eks,cpu,1,hpcg,btver2-Ofast,duration,24.30136489868164,0
255,aws/eks/cpu,aws,eks,cpu,1,hpcg,native-Ofast,compatible,False,0
256,aws/eks/cpu,aws,eks,cpu,1,hpcg,znver4-Ofast,compatible,True,0
257,aws/eks/cpu,aws,eks,cpu,1,hpcg,znver4-Ofast,fom,35.1961,0
258,aws/eks/cpu,aws,eks,cpu,1,hpcg,znver4-Ofast,duration,22.6666419506073,0
259,aws/eks/cpu,aws,eks,cpu,1,hpcg,znver4-Ofast,fom,36.1331,0
260,aws/eks/cpu,aws,eks,cpu,1,hpcg,znver4-Ofast,duration,24.726412773132324,0
261,aws/eks/cpu,aws,eks,cpu,1,hpcg,znver4-Ofast,fom,35.4765,0
262,aws/eks/cpu,aws,eks,cpu,1,hpcg,znver4-Ofast,duration,23.4499728679657,0
263,aws/eks/cpu,aws,eks,cpu,1,hpcg,skylake-Ofast,compatible,True,0
264,aws/eks/cpu,aws,eks,cpu,1,hpcg,skylake-Ofast,fom,34.7142,0
265,aws/eks/cpu,aws,eks,cpu,1,hpcg,skylake-Ofast,duration,26.640381336212158,0
266,aws/eks/cpu,aws,eks,cpu,1,hpcg,skylake-Ofast,fom,36.8759,0
267,aws/eks/cpu,aws,eks,cpu,1,hpcg,skylake-Ofast,duration,22.83256196975708,0
268,aws/eks/cpu,aws,eks,cpu,1,hpcg,skylake-Ofast,fom,28.7098,0
269,aws/eks/cpu,aws,eks,cpu,1,hpcg,skylake-Ofast,duration,24.630301237106323,0
270,aws/eks/cpu,aws,eks,cpu,1,hpcg,x86-64-v3-O2,compatible,True,0
271,aws/eks/cpu,aws,eks,cpu,1,hpcg,x86-64-v3-O2,fom,36.7723,0
272,aws/eks/cpu,aws,eks,cpu,1,hpcg,x86-64-v3-O2,duration,18.68557834625244,0
273,aws/eks/cpu,aws,eks,cpu,1,hpcg,x86-64-v3-O2,fom,35.4924,0
274,aws/eks/cpu,aws,eks,cpu,1,hpcg,x86-64-v3-O2,duration,22.506184101104736,0
275,aws/eks/cpu,aws,eks,cpu,1,hpcg,x86-64-v3-O2,fom,36.3159,0
276,aws/eks/cpu,aws,eks,cpu,1,hpcg,x86-64-v3-O2,duration,22.838337659835815,0
277,aws/eks/cpu,aws,eks,cpu,1,hpcg,x86-64-v3-Ofast,compatible,True,0
278,aws/eks/cpu,aws,eks,cpu,1,hpcg,x86-64-v3-Ofast,fom,35.8458,0
279,aws/eks/cpu,aws,eks,cpu,1,hpcg,x86-64-v3-Ofast,duration,24.179527759552002,0
280,aws/eks/cpu,aws,eks,cpu,1,hpcg,x86-64-v3-Ofast,fom,35.6779,0
281,aws/eks/cpu,aws,eks,cpu,1,hpcg,x86-64-v3-Ofast,duration,24.28576683998108,0
282,aws/eks/cpu,aws,eks,cpu,1,hpcg,x86-64-v3-Ofast,fom,35.1933,0
283,aws/eks/cpu,aws,eks,cpu,1,hpcg,x86-64-v3-Ofast,duration,23.998939275741577,0
284,aws/eks/cpu,aws,eks,cpu,1,hpcg,znver4-O0,compatible,True,0
285,aws/eks/cpu,aws,eks,cpu,1,hpcg,znver4-O0,fom,29.9698,0
286,aws/eks/cpu,aws,eks,cpu,1,hpcg,znver4-O0,duration,24.797971725463867,0
287,aws/eks/cpu,aws,eks,cpu,1,hpcg,znver4-O0,fom,30.6571,0
288,aws/eks/cpu,aws,eks,cpu,1,hpcg,znver4-O0,duration,20.88176679611206,0
289,aws/eks/cpu,aws,eks,cpu,1,hpcg,znver4-O0,fom,29.0729,0
290,aws/eks/cpu,aws,eks,cpu,1,hpcg,znver4-O0,duration,21.310119152069092,0
291,aws/eks/cpu,aws,eks,cpu,1,hpcg,znver4-Os,compatible,True,0
292,aws/eks/cpu,aws,eks,cpu,1,hpcg,znver4-Os,fom,35.6661,0
293,aws/eks/cpu,aws,eks,cpu,1,hpcg,znver4-Os,duration,19.867242574691772,0
294,aws/eks/cpu,aws,eks,cpu,1,hpcg,znver4-Os,fom,36.324,0
295,aws/eks/cpu,aws,eks,cpu,1,hpcg,znver4-Os,duration,18.353668689727783,0
296,aws/eks/cpu,aws,eks,cpu,1,hpcg,znver4-Os,fom,35.9088,0
297,aws/eks/cpu,aws,eks,cpu,1,hpcg,znver4-Os,duration,24.197360515594482,0
298,aws/eks/cpu,aws,eks,cpu,1,hpcg,skylake-O2,compatible,True,0
299,aws/eks/cpu,aws,eks,cpu,1,hpcg,skylake-O2,fom,34.4337,0
300,aws/eks/cpu,aws,eks,cpu,1,hpcg,skylake-O2,duration,26.314021587371826,0
301,aws/eks/cpu,aws,eks,cpu,1,hpcg,skylake-O2,fom,34.1836,0
302,aws/eks/cpu,aws,eks,cpu,1,hpcg,skylake-O2,duration,28.04662561416626,0
303,aws/eks/cpu,aws,eks,cpu,1,hpcg,skylake-O2,fom,32.1497,0
304,aws/eks/cpu,aws,eks,cpu,1,hpcg,skylake-O2,duration,20.097654342651367,0
305,aws/eks/cpu,aws,eks,cpu,1,hpcg,native-O0,compatible,True,0
306,aws/eks/cpu,aws,eks,cpu,1,hpcg,native-O0,fom,31.482,0
307,aws/eks/cpu,aws,eks,cpu,1,hpcg,native-O0,duration,18.995637893676758,0
308,aws/eks/cpu,aws,eks,cpu,1,hpcg,native-O0,fom,29.6326,0
309,aws/eks/cpu,aws,eks,cpu,1,hpcg,native-O0,duration,21.068493127822876,0
310,aws/eks/cpu,aws,eks,cpu,1,hpcg,native-O0,fom,30.8328,0
311,aws/eks/cpu,aws,eks,cpu,1,hpcg,native-O0,duration,20.627034425735474,0
312,aws/eks/cpu,aws,eks,cpu,1,hpcg,x86-64-v4-Og,compatible,False,0
313,aws/eks/cpu,aws,eks,cpu,1,hpcg,sandybridge-O3,compatible,True,0
314,aws/eks/cpu,aws,eks,cpu,1,hpcg,sandybridge-O3,fom,34.9961,0
315,aws/eks/cpu,aws,eks,cpu,1,hpcg,sandybridge-O3,duration,24.696366786956787,0
316,aws/eks/cpu,aws,eks,cpu,1,hpcg,sandybridge-O3,fom,37.0722,0
317,aws/eks/cpu,aws,eks,cpu,1,hpcg,sandybridge-O3,duration,22.747029542922974,0
318,aws/eks/cpu,aws,eks,cpu,1,hpcg,sandybridge-O3,fom,35.0554,0
319,aws/eks/cpu,aws,eks,cpu,1,hpcg,sandybridge-O3,duration,23.035787105560303,0
320,aws/eks/cpu,aws,eks,cpu,1,hpcg,skylake-Os,compatible,True,0
321,aws/eks/cpu,aws,eks,cpu,1,hpcg,skylake-Os,fom,35.7288,0
322,aws/eks/cpu,aws,eks,cpu,1,hpcg,skylake-Os,duration,27.646646976470947,0
323,aws/eks/cpu,aws,eks,cpu,1,hpcg,skylake-Os,fom,34.4111,0
324,aws/eks/cpu,aws,eks,cpu,1,hpcg,skylake-Os,duration,23.1746563911438,0
325,aws/eks/cpu,aws,eks,cpu,1,hpcg,skylake-Os,fom,27.4921,0
326,aws/eks/cpu,aws,eks,cpu,1,hpcg,skylake-Os,duration,24.245423078536987,0
327,aws/eks/cpu,aws,eks,cpu,1,hpcg,znver4-O3,compatible,True,0
328,aws/eks/cpu,aws,eks,cpu,1,hpcg,znver4-O3,fom,35.6419,0
329,aws/eks/cpu,aws,eks,cpu,1,hpcg,znver4-O3,duration,24.09921622276306,0
330,aws/eks/cpu,aws,eks,cpu,1,hpcg,znver4-O3,fom,35.647,0
331,aws/eks/cpu,aws,eks,cpu,1,hpcg,znver4-O3,duration,24.143123626708984,0
332,aws/eks/cpu,aws,eks,cpu,1,hpcg,znver4-O3,fom,35.6714,0
333,aws/eks/cpu,aws,eks,cpu,1,hpcg,znver4-O3,duration,24.364375114440918,0
334,aws/eks/cpu,aws,eks,cpu,1,hpcg,btver2-O3,compatible,True,0
335,aws/eks/cpu,aws,eks,cpu,1,hpcg,btver2-O3,fom,37.0402,0
336,aws/eks/cpu,aws,eks,cpu,1,hpcg,btver2-O3,duration,25.663429498672485,0
337,aws/eks/cpu,aws,eks,cpu,1,hpcg,btver2-O3,fom,36.5835,0
338,aws/eks/cpu,aws,eks,cpu,1,hpcg,btver2-O3,duration,19.698607683181763,0
339,aws/eks/cpu,aws,eks,cpu,1,hpcg,btver2-O3,fom,30.0598,0
340,aws/eks/cpu,aws,eks,cpu,1,hpcg,btver2-O3,duration,20.878966331481934,0
341,aws/eks/cpu,aws,eks,cpu,1,hpcg,znver2-Ofast,compatible,True,0
342,aws/eks/cpu,aws,eks,cpu,1,hpcg,znver2-Ofast,fom,35.7807,0
343,aws/eks/cpu,aws,eks,cpu,1,hpcg,znver2-Ofast,duration,24.72892165184021,0
344,aws/eks/cpu,aws,eks,cpu,1,hpcg,znver2-Ofast,fom,36.8302,0
345,aws/eks/cpu,aws,eks,cpu,1,hpcg,znver2-Ofast,duration,25.01218318939209,0
346,aws/eks/cpu,aws,eks,cpu,1,hpcg,znver2-Ofast,fom,31.6,0
347,aws/eks/cpu,aws,eks,cpu,1,hpcg,znver2-Ofast,duration,23.975280046463013,0
348,aws/eks/cpu,aws,eks,cpu,1,hpcg,skylake-avx512-O2,compatible,False,0
349,aws/eks/cpu,aws,eks,cpu,1,hpcg,x86-64-v4-O0,compatible,True,0
350,aws/eks/cpu,aws,eks,cpu,1,hpcg,x86-64-v4-O0,fom,29.9781,0
351,aws/eks/cpu,aws,eks,cpu,1,hpcg,x86-64-v4-O0,duration,24.851738214492798,0
352,aws/eks/cpu,aws,eks,cpu,1,hpcg,x86-64-v4-O0,fom,30.0669,0
353,aws/eks/cpu,aws,eks,cpu,1,hpcg,x86-64-v4-O0,duration,24.18872094154358,0
354,aws/eks/cpu,aws,eks,cpu,1,hpcg,x86-64-v4-O0,fom,30.3142,0
355,aws/eks/cpu,aws,eks,cpu,1,hpcg,x86-64-v4-O0,duration,27.285943508148193,0
356,aws/eks/cpu,aws,eks,cpu,1,hpcg,sapphirerapids-Os,compatible,False,0
357,aws/eks/cpu,aws,eks,cpu,1,hpcg,x86-64-v3-O0,compatible,True,0
358,aws/eks/cpu,aws,eks,cpu,1,hpcg,x86-64-v3-O0,fom,31.0048,0
359,aws/eks/cpu,aws,eks,cpu,1,hpcg,x86-64-v3-O0,duration,24.939690113067627,0
360,aws/eks/cpu,aws,eks,cpu,1,hpcg,x86-64-v3-O0,fom,30.449,0
361,aws/eks/cpu,aws,eks,cpu,1,hpcg,x86-64-v3-O0,duration,23.85947871208191,0
362,aws/eks/cpu,aws,eks,cpu,1,hpcg,x86-64-v3-O0,fom,30.2856,0
363,aws/eks/cpu,aws,eks,cpu,1,hpcg,x86-64-v3-O0,duration,26.287838459014893,0
364,aws/eks/cpu,aws,eks,cpu,1,hpcg,bdver4-O2,compatible,False,0
365,aws/eks/cpu,aws,eks,cpu,1,hpcg,x86-64-v2-Ofast,compatible,True,0
366,aws/eks/cpu,aws,eks,cpu,1,hpcg,x86-64-v2-Ofast,fom,35.5193,0
367,aws/eks/cpu,aws,eks,cpu,1,hpcg,x86-64-v2-Ofast,duration,24.161468029022217,0
368,aws/eks/cpu,aws,eks,cpu,1,hpcg,x86-64-v2-Ofast,fom,34.9137,0
369,aws/eks/cpu,aws,eks,cpu,1,hpcg,x86-64-v2-Ofast,duration,24.344459772109985,0
370,aws/eks/cpu,aws,eks,cpu,1,hpcg,x86-64-v2-Ofast,fom,35.6472,0
371,aws/eks/cpu,aws,eks,cpu,1,hpcg,x86-64-v2-Ofast,duration,24.413127660751343,0
372,aws/eks/cpu,aws,eks,cpu,1,hpcg,icelake-server-Ofast,compatible,False,0
373,aws/eks/cpu,aws,eks,cpu,1,hpcg,znver2-O1,compatible,True,0
374,aws/eks/cpu,aws,eks,cpu,1,hpcg,znver2-O1,fom,36.9083,0
375,aws/eks/cpu,aws,eks,cpu,1,hpcg,znver2-O1,duration,23.342275142669678,0
376,aws/eks/cpu,aws,eks,cpu,1,hpcg,znver2-O1,fom,35.872,0
377,aws/eks/cpu,aws,eks,cpu,1,hpcg,znver2-O1,duration,23.90993070602417,0
378,aws/eks/cpu,aws,eks,cpu,1,hpcg,znver2-O1,fom,36.035,0
379,aws/eks/cpu,aws,eks,cpu,1,hpcg,znver2-O1,duration,17.967492818832397,0
380,aws/eks/cpu,aws,eks,cpu,1,hpcg,broadwell-Og,compatible,True,0
381,aws/eks/cpu,aws,eks,cpu,1,hpcg,broadwell-Og,fom,36.1067,0
382,aws/eks/cpu,aws,eks,cpu,1,hpcg,broadwell-Og,duration,23.234724760055542,0
383,aws/eks/cpu,aws,eks,cpu,1,hpcg,broadwell-Og,fom,35.7672,0
384,aws/eks/cpu,aws,eks,cpu,1,hpcg,broadwell-Og,duration,23.976407766342163,0
385,aws/eks/cpu,aws,eks,cpu,1,hpcg,broadwell-Og,fom,34.869,0
386,aws/eks/cpu,aws,eks,cpu,1,hpcg,broadwell-Og,duration,24.52318549156189,0
387,aws/eks/cpu,aws,eks,cpu,1,hpcg,icelake-server-O0,compatible,True,0
388,aws/eks/cpu,aws,eks,cpu,1,hpcg,icelake-server-O0,fom,31.1878,0
389,aws/eks/cpu,aws,eks,cpu,1,hpcg,icelake-server-O0,duration,26.473949432373047,0
390,aws/eks/cpu,aws,eks,cpu,1,hpcg,icelake-server-O0,fom,30.3975,0
391,aws/eks/cpu,aws,eks,cpu,1,hpcg,icelake-server-O0,duration,23.90743112564087,0
392,aws/eks/cpu,aws,eks,cpu,1,hpcg,icelake-server-O0,fom,23.9912,0
393,aws/eks/cpu,aws,eks,cpu,1,hpcg,icelake-server-O0,duration,20.397154331207275,0
394,aws/eks/cpu,aws,eks,cpu,1,hpcg,x86-64-v3-O1,compatible,True,0
395,aws/eks/cpu,aws,eks,cpu,1,hpcg,x86-64-v3-O1,fom,35.5855,0
396,aws/eks/cpu,aws,eks,cpu,1,hpcg,x86-64-v3-O1,duration,24.7197163105011,0
397,aws/eks/cpu,aws,eks,cpu,1,hpcg,x86-64-v3-O1,fom,34.4761,0
398,aws/eks/cpu,aws,eks,cpu,1,hpcg,x86-64-v3-O1,duration,20.464449882507324,0
399,aws/eks/cpu,aws,eks,cpu,1,hpcg,x86-64-v3-O1,fom,35.517,0
400,aws/eks/cpu,aws,eks,cpu,1,hpcg,x86-64-v3-O1,duration,21.405308485031128,0
401,aws/eks/cpu,aws,eks,cpu,1,hpcg,x86-64-v4-O1,compatible,False,0
402,aws/eks/cpu,aws,eks,cpu,1,hpcg,skylake-O0,compatible,True,0
403,aws/eks/cpu,aws,eks,cpu,1,hpcg,skylake-O0,fom,30.8709,0
404,aws/eks/cpu,aws,eks,cpu,1,hpcg,skylake-O0,duration,27.417319297790527,0
405,aws/eks/cpu,aws,eks,cpu,1,hpcg,skylake-O0,fom,29.8672,0
406,aws/eks/cpu,aws,eks,cpu,1,hpcg,skylake-O0,duration,24.34585475921631,0
407,aws/eks/cpu,aws,eks,cpu,1,hpcg,skylake-O0,fom,23.3105,0
408,aws/eks/cpu,aws,eks,cpu,1,hpcg,skylake-O0,duration,19.187042474746704,0
409,aws/eks/cpu,aws,eks,cpu,1,hpcg,bdver4-O1,compatible,True,0
410,aws/eks/cpu,aws,eks,cpu,1,hpcg,bdver4-O1,fom,36.4905,0
411,aws/eks/cpu,aws,eks,cpu,1,hpcg,bdver4-O1,duration,24.21162223815918,0
412,aws/eks/cpu,aws,eks,cpu,1,hpcg,bdver4-O1,fom,36.0419,0
413,aws/eks/cpu,aws,eks,cpu,1,hpcg,bdver4-O1,duration,23.955260038375854,0
414,aws/eks/cpu,aws,eks,cpu,1,hpcg,bdver4-O1,fom,36.2635,0
415,aws/eks/cpu,aws,eks,cpu,1,hpcg,bdver4-O1,duration,19.39292001724243,0
416,aws/eks/cpu,aws,eks,cpu,1,hpcg,x86-64-v2-O3,compatible,True,0
417,aws/eks/cpu,aws,eks,cpu,1,hpcg,x86-64-v2-O3,fom,35.5573,0
418,aws/eks/cpu,aws,eks,cpu,1,hpcg,x86-64-v2-O3,duration,21.077545881271362,0
419,aws/eks/cpu,aws,eks,cpu,1,hpcg,x86-64-v2-O3,fom,36.912,0
420,aws/eks/cpu,aws,eks,cpu,1,hpcg,x86-64-v2-O3,duration,22.85729432106018,0
421,aws/eks/cpu,aws,eks,cpu,1,hpcg,x86-64-v2-O3,fom,36.0031,0
422,aws/eks/cpu,aws,eks,cpu,1,hpcg,x86-64-v2-O3,duration,24.372977256774902,0
423,aws/eks/cpu,aws,eks,cpu,1,hpcg,skylake-avx512-O0,compatible,True,0
424,aws/eks/cpu,aws,eks,cpu,1,hpcg,skylake-avx512-O0,fom,30.7155,0
425,aws/eks/cpu,aws,eks,cpu,1,hpcg,skylake-avx512-O0,duration,21.351935386657715,0
426,aws/eks/cpu,aws,eks,cpu,1,hpcg,skylake-avx512-O0,fom,30.9148,0
427,aws/eks/cpu,aws,eks,cpu,1,hpcg,skylake-avx512-O0,duration,21.46454668045044,0
428,aws/eks/cpu,aws,eks,cpu,1,hpcg,skylake-avx512-O0,fom,28.002,0
429,aws/eks/cpu,aws,eks,cpu,1,hpcg,skylake-avx512-O0,duration,23.995956897735596,0
430,aws/eks/cpu,aws,eks,cpu,1,hpcg,broadwell-O2,compatible,True,0
431,aws/eks/cpu,aws,eks,cpu,1,hpcg,broadwell-O2,fom,35.883,0
432,aws/eks/cpu,aws,eks,cpu,1,hpcg,broadwell-O2,duration,27.388683795928955,0
433,aws/eks/cpu,aws,eks,cpu,1,hpcg,broadwell-O2,fom,35.6547,0
434,aws/eks/cpu,aws,eks,cpu,1,hpcg,broadwell-O2,duration,24.163005352020264,0
435,aws/eks/cpu,aws,eks,cpu,1,hpcg,broadwell-O2,fom,28.0106,0
436,aws/eks/cpu,aws,eks,cpu,1,hpcg,broadwell-O2,duration,24.095842838287354,0
437,aws/eks/cpu,aws,eks,cpu,1,hpcg,znver3-Og,compatible,True,0
438,aws/eks/cpu,aws,eks,cpu,1,hpcg,znver3-Og,fom,35.7157,0
439,aws/eks/cpu,aws,eks,cpu,1,hpcg,znver3-Og,duration,23.4933021068573,0
440,aws/eks/cpu,aws,eks,cpu,1,hpcg,znver3-Og,fom,34.7703,0
441,aws/eks/cpu,aws,eks,cpu,1,hpcg,znver3-Og,duration,24.314679861068726,0
442,aws/eks/cpu,aws,eks,cpu,1,hpcg,znver3-Og,fom,35.102,0
443,aws/eks/cpu,aws,eks,cpu,1,hpcg,znver3-Og,duration,24.095560550689697,0
444,aws/eks/cpu,aws,eks,cpu,1,hpcg,sandybridge-O0,compatible,True,0
445,aws/eks/cpu,aws,eks,cpu,1,hpcg,sandybridge-O0,fom,29.8717,0
446,aws/eks/cpu,aws,eks,cpu,1,hpcg,sandybridge-O0,duration,25.477432250976562,0
447,aws/eks/cpu,aws,eks,cpu,1,hpcg,sandybridge-O0,fom,30.1856,0
448,aws/eks/cpu,aws,eks,cpu,1,hpcg,sandybridge-O0,duration,24.24033260345459,0
449,aws/eks/cpu,aws,eks,cpu,1,hpcg,sandybridge-O0,fom,29.3162,0
450,aws/eks/cpu,aws,eks,cpu,1,hpcg,sandybridge-O0,duration,25.0236496925354,0
451,aws/eks/cpu,aws,eks,cpu,1,hpcg,skylake-O3,compatible,True,0
452,aws/eks/cpu,aws,eks,cpu,1,hpcg,skylake-O3,fom,35.7723,0
453,aws/eks/cpu,aws,eks,cpu,1,hpcg,skylake-O3,duration,28.20199966430664,0
454,aws/eks/cpu,aws,eks,cpu,1,hpcg,skylake-O3,fom,35.4614,0
455,aws/eks/cpu,aws,eks,cpu,1,hpcg,skylake-O3,duration,22.608978033065796,0
456,aws/eks/cpu,aws,eks,cpu,1,hpcg,skylake-O3,fom,26.6381,0
457,aws/eks/cpu,aws,eks,cpu,1,hpcg,skylake-O3,duration,20.17726230621338,0
458,aws/eks/cpu,aws,eks,cpu,1,hpcg,x86-64-v4-O2,compatible,False,0
459,aws/eks/cpu,aws,eks,cpu,1,hpcg,sapphirerapids-O2,compatible,False,0
460,aws/eks/cpu,aws,eks,cpu,1,hpcg,ivybridge-O2,compatible,True,0
461,aws/eks/cpu,aws,eks,cpu,1,hpcg,ivybridge-O2,fom,35.9616,0
462,aws/eks/cpu,aws,eks,cpu,1,hpcg,ivybridge-O2,duration,23.06736946105957,0
463,aws/eks/cpu,aws,eks,cpu,1,hpcg,ivybridge-O2,fom,37.4549,0
464,aws/eks/cpu,aws,eks,cpu,1,hpcg,ivybridge-O2,duration,22.35616636276245,0
465,aws/eks/cpu,aws,eks,cpu,1,hpcg,ivybridge-O2,fom,34.5268,0
466,aws/eks/cpu,aws,eks,cpu,1,hpcg,ivybridge-O2,duration,23.857099771499634,0
467,aws/eks/cpu,aws,eks,cpu,1,hpcg,znver4-O1,compatible,True,0
468,aws/eks/cpu,aws,eks,cpu,1,hpcg,znver4-O1,fom,37.071,0
469,aws/eks/cpu,aws,eks,cpu,1,hpcg,znver4-O1,duration,22.852051496505737,0
470,aws/eks/cpu,aws,eks,cpu,1,hpcg,znver4-O1,fom,35.5331,0
471,aws/eks/cpu,aws,eks,cpu,1,hpcg,znver4-O1,duration,24.163063049316406,0
472,aws/eks/cpu,aws,eks,cpu,1,hpcg,znver4-O1,fom,35.1809,0
473,aws/eks/cpu,aws,eks,cpu,1,hpcg,znver4-O1,duration,23.05947470664978,0
474,aws/eks/cpu,aws,eks,cpu,1,hpcg,sapphirerapids-Og,compatible,False,0
475,aws/eks/cpu,aws,eks,cpu,1,hpcg,ivybridge-O0,compatible,True,0
476,aws/eks/cpu,aws,eks,cpu,1,hpcg,ivybridge-O0,fom,30.1033,0
477,aws/eks/cpu,aws,eks,cpu,1,hpcg,ivybridge-O0,duration,23.910180807113647,0
478,aws/eks/cpu,aws,eks,cpu,1,hpcg,ivybridge-O0,fom,30.0139,0
479,aws/eks/cpu,aws,eks,cpu,1,hpcg,ivybridge-O0,duration,25.110229015350342,0
480,aws/eks/cpu,aws,eks,cpu,1,hpcg,ivybridge-O0,fom,30.6046,0
481,aws/eks/cpu,aws,eks,cpu,1,hpcg,ivybridge-O0,duration,24.120924949645996,0
482,aws/eks/cpu,aws,eks,cpu,1,hpcg,znver3-O2,compatible,True,0
483,aws/eks/cpu,aws,eks,cpu,1,hpcg,znver3-O2,fom,37.3107,0
484,aws/eks/cpu,aws,eks,cpu,1,hpcg,znver3-O2,duration,20.588806867599487,0
485,aws/eks/cpu,aws,eks,cpu,1,hpcg,znver3-O2,fom,36.9521,0
486,aws/eks/cpu,aws,eks,cpu,1,hpcg,znver3-O2,duration,19.66085910797119,0
487,aws/eks/cpu,aws,eks,cpu,1,hpcg,znver3-O2,fom,30.8414,0
488,aws/eks/cpu,aws,eks,cpu,1,hpcg,znver3-O2,duration,21.11081075668335,0
489,aws/eks/cpu,aws,eks,cpu,1,hpcg,znver1-O3,compatible,True,0
490,aws/eks/cpu,aws,eks,cpu,1,hpcg,znver1-O3,fom,36.0291,0
491,aws/eks/cpu,aws,eks,cpu,1,hpcg,znver1-O3,duration,18.02278780937195,0
492,aws/eks/cpu,aws,eks,cpu,1,hpcg,znver1-O3,fom,34.8134,0
493,aws/eks/cpu,aws,eks,cpu,1,hpcg,znver1-O3,duration,18.736552476882935,0
494,aws/eks/cpu,aws,eks,cpu,1,hpcg,znver1-O3,fom,35.794,0
495,aws/eks/cpu,aws,eks,cpu,1,hpcg,znver1-O3,duration,20.91135311126709,0
496,aws/eks/cpu,aws,eks,cpu,1,hpcg,znver2-O0,compatible,True,0
497,aws/eks/cpu,aws,eks,cpu,1,hpcg,znver2-O0,fom,30.3316,0
498,aws/eks/cpu,aws,eks,cpu,1,hpcg,znver2-O0,duration,24.387179374694824,0
499,aws/eks/cpu,aws,eks,cpu,1,hpcg,znver2-O0,fom,30.9364,0
500,aws/eks/cpu,aws,eks,cpu,1,hpcg,znver2-O0,duration,18.785841703414917,0
501,aws/eks/cpu,aws,eks,cpu,1,hpcg,znver2-O0,fom,29.6271,0
502,aws/eks/cpu,aws,eks,cpu,1,hpcg,znver2-O0,duration,22.408185243606567,0
503,aws/eks/cpu,aws,eks,cpu,1,hpcg,x86-64-v2-Os,compatible,True,0
504,aws/eks/cpu,aws,eks,cpu,1,hpcg,x86-64-v2-Os,fom,35.8444,0
505,aws/eks/cpu,aws,eks,cpu,1,hpcg,x86-64-v2-Os,duration,25.198243856430054,0
506,aws/eks/cpu,aws,eks,cpu,1,hpcg,x86-64-v2-Os,fom,36.8474,0
507,aws/eks/cpu,aws,eks,cpu,1,hpcg,x86-64-v2-Os,duration,22.296464681625366,0
508,aws/eks/cpu,aws,eks,cpu,1,hpcg,x86-64-v2-Os,fom,33.5016,0
509,aws/eks/cpu,aws,eks,cpu,1,hpcg,x86-64-v2-Os,duration,24.04767394065857,0
510,aws/eks/cpu,aws,eks,cpu,1,hpcg,bdver4-Og,compatible,True,0
511,aws/eks/cpu,aws,eks,cpu,1,hpcg,native-Os,compatible,False,0
512,aws/eks/cpu,aws,eks,cpu,1,hpcg,btver2-O0,compatible,True,0
513,aws/eks/cpu,aws,eks,cpu,1,hpcg,btver2-O0,fom,31.5288,0
514,aws/eks/cpu,aws,eks,cpu,1,hpcg,btver2-O0,duration,25.083740234375,0
515,aws/eks/cpu,aws,eks,cpu,1,hpcg,btver2-O0,fom,31.1305,0
516,aws/eks/cpu,aws,eks,cpu,1,hpcg,btver2-O0,duration,18.773529529571533,0
517,aws/eks/cpu,aws,eks,cpu,1,hpcg,btver2-O0,fom,29.5486,0
518,aws/eks/cpu,aws,eks,cpu,1,hpcg,btver2-O0,duration,18.69451928138733,0
519,aws/eks/cpu,aws,eks,cpu,1,hpcg,skylake-avx512-Os,compatible,False,0
520,aws/eks/cpu,aws,eks,cpu,1,hpcg,icelake-server-Os,compatible,False,0
521,aws/eks/cpu,aws,eks,cpu,1,hpcg,znver1-O2,compatible,True,0
522,aws/eks/cpu,aws,eks,cpu,1,hpcg,znver1-O2,fom,34.8819,0
523,aws/eks/cpu,aws,eks,cpu,1,hpcg,znver1-O2,duration,22.701313257217407,0
524,aws/eks/cpu,aws,eks,cpu,1,hpcg,znver1-O2,fom,34.893,0
525,aws/eks/cpu,aws,eks,cpu,1,hpcg,znver1-O2,duration,25.165656089782715,0
526,aws/eks/cpu,aws,eks,cpu,1,hpcg,znver1-O2,fom,32.1027,0
527,aws/eks/cpu,aws,eks,cpu,1,hpcg,znver1-O2,duration,24.311864852905273,0
528,aws/eks/cpu,aws,eks,cpu,1,hpcg,sandybridge-O2,compatible,True,0
529,aws/eks/cpu,aws,eks,cpu,1,hpcg,sandybridge-O2,fom,35.5477,0
530,aws/eks/cpu,aws,eks,cpu,1,hpcg,sandybridge-O2,duration,23.832067728042603,0
531,aws/eks/cpu,aws,eks,cpu,1,hpcg,sandybridge-O2,fom,37.0952,0
532,aws/eks/cpu,aws,eks,cpu,1,hpcg,sandybridge-O2,duration,21.097362756729126,0
533,aws/eks/cpu,aws,eks,cpu,1,hpcg,sandybridge-O2,fom,35.9039,0
534,aws/eks/cpu,aws,eks,cpu,1,hpcg,sandybridge-O2,duration,24.798195123672485,0
535,aws/eks/cpu,aws,eks,cpu,1,hpcg,haswell-O1,compatible,True,0
536,aws/eks/cpu,aws,eks,cpu,1,hpcg,haswell-O1,fom,35.5625,0
537,aws/eks/cpu,aws,eks,cpu,1,hpcg,haswell-O1,duration,29.0623779296875,0
538,aws/eks/cpu,aws,eks,cpu,1,hpcg,haswell-O1,fom,35.7551,0
539,aws/eks/cpu,aws,eks,cpu,1,hpcg,haswell-O1,duration,24.033666610717773,0
540,aws/eks/cpu,aws,eks,cpu,1,hpcg,haswell-O1,fom,28.5394,0
541,aws/eks/cpu,aws,eks,cpu,1,hpcg,haswell-O1,duration,22.594508409500122,0
542,aws/eks/cpu,aws,eks,cpu,1,hpcg,native-Og,compatible,False,0
543,aws/eks/cpu,aws,eks,cpu,1,hpcg,icelake-server-O3,compatible,False,0
544,aws/eks/cpu,aws,eks,cpu,1,hpcg,x86-64-v3-Og,compatible,True,0
545,aws/eks/cpu,aws,eks,cpu,1,hpcg,x86-64-v3-Og,fom,35.5379,0
546,aws/eks/cpu,aws,eks,cpu,1,hpcg,x86-64-v3-Og,duration,24.346152305603027,0
547,aws/eks/cpu,aws,eks,cpu,1,hpcg,x86-64-v3-Og,fom,37.5711,0
548,aws/eks/cpu,aws,eks,cpu,1,hpcg,x86-64-v3-Og,duration,22.451638221740723,0
549,aws/eks/cpu,aws,eks,cpu,1,hpcg,x86-64-v3-Og,fom,35.3632,0
550,aws/eks/cpu,aws,eks,cpu,1,hpcg,x86-64-v3-Og,duration,22.44519567489624,0
551,aws/eks/cpu,aws,eks,cpu,1,hpcg,icelake-server-O1,compatible,False,0
552,aws/eks/cpu,aws,eks,cpu,1,hpcg,x86-64-v4-Os,compatible,False,0
553,aws/eks/cpu,aws,eks,cpu,1,hpcg,x86-64-v2-O2,compatible,True,0
554,aws/eks/cpu,aws,eks,cpu,1,hpcg,x86-64-v2-O2,fom,34.7964,0
555,aws/eks/cpu,aws,eks,cpu,1,hpcg,x86-64-v2-O2,duration,25.498151063919067,0
556,aws/eks/cpu,aws,eks,cpu,1,hpcg,x86-64-v2-O2,fom,36.0429,0
557,aws/eks/cpu,aws,eks,cpu,1,hpcg,x86-64-v2-O2,duration,23.839371919631958,0
558,aws/eks/cpu,aws,eks,cpu,1,hpcg,x86-64-v2-O2,fom,31.397,0
559,aws/eks/cpu,aws,eks,cpu,1,hpcg,x86-64-v2-O2,duration,23.776992559432983,0
560,aws/eks/cpu,aws,eks,cpu,1,hpcg,sapphirerapids-O1,compatible,False,0
561,aws/eks/cpu,aws,eks,cpu,1,hpcg,sandybridge-Og,compatible,True,0
562,aws/eks/cpu,aws,eks,cpu,1,hpcg,sandybridge-Og,fom,35.8093,0
563,aws/eks/cpu,aws,eks,cpu,1,hpcg,sandybridge-Og,duration,23.003586053848267,0
564,aws/eks/cpu,aws,eks,cpu,1,hpcg,sandybridge-Og,fom,34.5207,0
565,aws/eks/cpu,aws,eks,cpu,1,hpcg,sandybridge-Og,duration,22.989545822143555,0
566,aws/eks/cpu,aws,eks,cpu,1,hpcg,sandybridge-Og,fom,35.0145,0
567,aws/eks/cpu,aws,eks,cpu,1,hpcg,sandybridge-Og,duration,24.543925285339355,0
568,aws/eks/cpu,aws,eks,cpu,1,hpcg,ivybridge-Og,compatible,True,0
569,aws/eks/cpu,aws,eks,cpu,1,hpcg,ivybridge-Og,fom,36.0709,0
570,aws/eks/cpu,aws,eks,cpu,1,hpcg,ivybridge-Og,duration,23.049421072006226,0
571,aws/eks/cpu,aws,eks,cpu,1,hpcg,ivybridge-Og,fom,28.7154,0
572,aws/eks/cpu,aws,eks,cpu,1,hpcg,ivybridge-Og,duration,21.396941661834717,0
573,aws/eks/cpu,aws,eks,cpu,1,hpcg,ivybridge-Og,fom,34.8686,0
574,aws/eks/cpu,aws,eks,cpu,1,hpcg,ivybridge-Og,duration,24.096883296966553,0
575,aws/eks/cpu,aws,eks,cpu,1,hpcg,btver2-O2,compatible,True,0
576,aws/eks/cpu,aws,eks,cpu,1,hpcg,btver2-O2,fom,37.6839,0
577,aws/eks/cpu,aws,eks,cpu,1,hpcg,btver2-O2,duration,23.345487594604492,0
578,aws/eks/cpu,aws,eks,cpu,1,hpcg,btver2-O2,fom,35.8793,0
579,aws/eks/cpu,aws,eks,cpu,1,hpcg,btver2-O2,duration,22.37636399269104,0
580,aws/eks/cpu,aws,eks,cpu,1,hpcg,btver2-O2,fom,34.3041,0
581,aws/eks/cpu,aws,eks,cpu,1,hpcg,btver2-O2,duration,22.3951678276062,0
582,aws/eks/cpu,aws,eks,cpu,1,hpcg,broadwell-O1,compatible,True,0
583,aws/eks/cpu,aws,eks,cpu,1,hpcg,broadwell-O1,fom,35.6507,0
584,aws/eks/cpu,aws,eks,cpu,1,hpcg,broadwell-O1,duration,27.101144313812256,0
585,aws/eks/cpu,aws,eks,cpu,1,hpcg,broadwell-O1,fom,36.5279,0
586,aws/eks/cpu,aws,eks,cpu,1,hpcg,broadwell-O1,duration,23.169886350631714,0
587,aws/eks/cpu,aws,eks,cpu,1,hpcg,broadwell-O1,fom,28.2107,0
588,aws/eks/cpu,aws,eks,cpu,1,hpcg,broadwell-O1,duration,24.256335258483887,0
589,aws/eks/cpu,aws,eks,cpu,1,hpcg,ivybridge-O1,compatible,True,0
590,aws/eks/cpu,aws,eks,cpu,1,hpcg,ivybridge-O1,fom,35.9153,0
591,aws/eks/cpu,aws,eks,cpu,1,hpcg,ivybridge-O1,duration,24.23202657699585,0
592,aws/eks/cpu,aws,eks,cpu,1,hpcg,ivybridge-O1,fom,35.9348,0
593,aws/eks/cpu,aws,eks,cpu,1,hpcg,ivybridge-O1,duration,19.790043354034424,0
594,aws/eks/cpu,aws,eks,cpu,1,hpcg,ivybridge-O1,fom,35.4467,0
595,aws/eks/cpu,aws,eks,cpu,1,hpcg,ivybridge-O1,duration,18.345561981201172,0
596,aws/eks/cpu,aws,eks,cpu,1,hpcg,bdver4-O0,compatible,True,0
597,aws/eks/cpu,aws,eks,cpu,1,hpcg,bdver4-O0,fom,30.9362,0
598,aws/eks/cpu,aws,eks,cpu,1,hpcg,bdver4-O0,duration,21.750773429870605,0
599,aws/eks/cpu,aws,eks,cpu,1,hpcg,bdver4-O0,fom,30.5692,0
600,aws/eks/cpu,aws,eks,cpu,1,hpcg,bdver4-O0,duration,23.930439949035645,0
601,aws/eks/cpu,aws,eks,cpu,1,hpcg,bdver4-O0,fom,25.534,0
602,aws/eks/cpu,aws,eks,cpu,1,hpcg,bdver4-O0,duration,19.44542169570923,0
603,aws/eks/cpu,aws,eks,cpu,1,hpcg,x86-64-v2-Og,compatible,True,0
604,aws/eks/cpu,aws,eks,cpu,1,hpcg,x86-64-v2-Og,fom,35.842,0
605,aws/eks/cpu,aws,eks,cpu,1,hpcg,x86-64-v2-Og,duration,22.832890033721924,0
606,aws/eks/cpu,aws,eks,cpu,1,hpcg,x86-64-v2-Og,fom,36.182,0
607,aws/eks/cpu,aws,eks,cpu,1,hpcg,x86-64-v2-Og,duration,18.56328511238098,0
608,aws/eks/cpu,aws,eks,cpu,1,hpcg,x86-64-v2-Og,fom,35.0293,0
609,aws/eks/cpu,aws,eks,cpu,1,hpcg,x86-64-v2-Og,duration,23.8926362991333,0
610,aws/eks/cpu,aws,eks,cpu,1,hpcg,sandybridge-Ofast,compatible,True,0
611,aws/eks/cpu,aws,eks,cpu,1,hpcg,sandybridge-Ofast,fom,35.1682,0
612,aws/eks/cpu,aws,eks,cpu,1,hpcg,sandybridge-Ofast,duration,24.808144330978394,0
613,aws/eks/cpu,aws,eks,cpu,1,hpcg,sandybridge-Ofast,fom,36.205,0
614,aws/eks/cpu,aws,eks,cpu,1,hpcg,sandybridge-Ofast,duration,23.81641125679016,0
615,aws/eks/cpu,aws,eks,cpu,1,hpcg,sandybridge-Ofast,fom,35.8503,0
616,aws/eks/cpu,aws,eks,cpu,1,hpcg,sandybridge-Ofast,duration,25.20546817779541,0
617,aws/eks/cpu,aws,eks,cpu,1,hpcg,znver2-Og,compatible,True,0
618,aws/eks/cpu,aws,eks,cpu,1,hpcg,znver2-Og,fom,35.8436,0
619,aws/eks/cpu,aws,eks,cpu,1,hpcg,znver2-Og,duration,22.957433223724365,0
620,aws/eks/cpu,aws,eks,cpu,1,hpcg,znver2-Og,fom,35.6569,0
621,aws/eks/cpu,aws,eks,cpu,1,hpcg,znver2-Og,duration,22.44999885559082,0
622,aws/eks/cpu,aws,eks,cpu,1,hpcg,znver2-Og,fom,36.8134,0
623,aws/eks/cpu,aws,eks,cpu,1,hpcg,znver2-Og,duration,23.952577114105225,0
624,aws/eks/cpu,aws,eks,cpu,1,hpcg,x86-64-v2-O1,compatible,True,0
625,aws/eks/cpu,aws,eks,cpu,1,hpcg,x86-64-v2-O1,fom,35.8151,0
626,aws/eks/cpu,aws,eks,cpu,1,hpcg,x86-64-v2-O1,duration,16.911210536956787,0
627,aws/eks/cpu,aws,eks,cpu,1,hpcg,x86-64-v2-O1,fom,35.8022,0
628,aws/eks/cpu,aws,eks,cpu,1,hpcg,x86-64-v2-O1,duration,24.05772638320923,0
629,aws/eks/cpu,aws,eks,cpu,1,hpcg,x86-64-v2-O1,fom,36.1546,0
630,aws/eks/cpu,aws,eks,cpu,1,hpcg,x86-64-v2-O1,duration,24.761000156402588,0
631,aws/eks/cpu,aws,eks,cpu,1,hpcg,btver2-Og,compatible,True,0
632,aws/eks/cpu,aws,eks,cpu,1,hpcg,btver2-Og,fom,34.3193,0
633,aws/eks/cpu,aws,eks,cpu,1,hpcg,btver2-Og,duration,27.771400213241577,0
634,aws/eks/cpu,aws,eks,cpu,1,hpcg,btver2-Og,fom,37.0932,0
635,aws/eks/cpu,aws,eks,cpu,1,hpcg,btver2-Og,duration,24.399080276489258,0
636,aws/eks/cpu,aws,eks,cpu,1,hpcg,btver2-Og,fom,28.6977,0
637,aws/eks/cpu,aws,eks,cpu,1,hpcg,btver2-Og,duration,23.129380464553833,0
638,aws/eks/cpu,aws,eks,cpu,1,hpcg,icelake-server-O2,compatible,False,0
639,aws/eks/cpu,aws,eks,cpu,1,hpcg,native-O3,compatible,False,0
640,aws/eks/cpu,aws,eks,cpu,1,hpcg,broadwell-O0,compatible,True,0
641,aws/eks/cpu,aws,eks,cpu,1,hpcg,broadwell-O0,fom,32.0406,0
642,aws/eks/cpu,aws,eks,cpu,1,hpcg,broadwell-O0,duration,27.152779579162598,0
643,aws/eks/cpu,aws,eks,cpu,1,hpcg,broadwell-O0,fom,30.3485,0
644,aws/eks/cpu,aws,eks,cpu,1,hpcg,broadwell-O0,duration,26.27829074859619,0
645,aws/eks/cpu,aws,eks,cpu,1,hpcg,broadwell-O0,fom,23.5784,0
646,aws/eks/cpu,aws,eks,cpu,1,hpcg,broadwell-O0,duration,20.22990393638611,0
647,aws/eks/cpu,aws,eks,cpu,1,hpcg,skylake-avx512-O1,compatible,False,0
648,aws/eks/cpu,aws,eks,cpu,1,hpcg,skylake-avx512-Og,compatible,False,0
649,aws/eks/cpu,aws,eks,cpu,1,hpcg,znver2-O2,compatible,True,0
650,aws/eks/cpu,aws,eks,cpu,1,hpcg,znver2-O2,fom,36.0204,0
651,aws/eks/cpu,aws,eks,cpu,1,hpcg,znver2-O2,duration,23.609220504760742,0
652,aws/eks/cpu,aws,eks,cpu,1,hpcg,znver2-O2,fom,36.2012,0
653,aws/eks/cpu,aws,eks,cpu,1,hpcg,znver2-O2,duration,24.686877250671387,0
654,aws/eks/cpu,aws,eks,cpu,1,hpcg,znver2-O2,fom,33.8308,0
655,aws/eks/cpu,aws,eks,cpu,1,hpcg,znver2-O2,duration,23.865442276000977,0
656,aws/eks/cpu,aws,eks,cpu,1,hpcg,btver2-O1,compatible,True,0
657,aws/eks/cpu,aws,eks,cpu,1,hpcg,btver2-O1,fom,35.7906,0
658,aws/eks/cpu,aws,eks,cpu,1,hpcg,btver2-O1,duration,23.10646963119507,0
659,aws/eks/cpu,aws,eks,cpu,1,hpcg,btver2-O1,fom,37.3974,0
660,aws/eks/cpu,aws,eks,cpu,1,hpcg,btver2-O1,duration,22.405414581298828,0
661,aws/eks/cpu,aws,eks,cpu,1,hpcg,btver2-O1,fom,34.5911,0
662,aws/eks/cpu,aws,eks,cpu,1,hpcg,btver2-O1,duration,23.84756302833557,0
663,aws/eks/cpu,aws,eks,cpu,1,hpcg,sapphirerapids-O3,compatible,False,0
664,aws/eks/cpu,aws,eks,cpu,1,hpcg,native-O1,compatible,False,0
665,aws/eks/cpu,aws,eks,cpu,1,hpcg,broadwell-O3,compatible,True,0
666,aws/eks/cpu,aws,eks,cpu,1,hpcg,broadwell-O3,fom,35.4366,0
667,aws/eks/cpu,aws,eks,cpu,1,hpcg,broadwell-O3,duration,18.977152109146118,0
668,aws/eks/cpu,aws,eks,cpu,1,hpcg,broadwell-O3,fom,35.8136,0
669,aws/eks/cpu,aws,eks,cpu,1,hpcg,broadwell-O3,duration,24.145116806030273,0
670,aws/eks/cpu,aws,eks,cpu,1,hpcg,broadwell-O3,fom,35.1887,0
671,aws/eks/cpu,aws,eks,cpu,1,hpcg,broadwell-O3,duration,24.357221841812134,0
